,sample-id,SMILES
0,HMDB0000001,Cn1cnc(C[C@H](N)C(=O)O)c1
1,HMDB0000002,NCCCN
2,HMDB0000005,CCC(=O)C(=O)O
3,HMDB0000010,COc1cc2c(cc1O)CC[C@@H]1[C@@H]2CC[C@]2(C)C(=O)CC[C@@H]12
4,HMDB0000011,C[C@@H](O)CC(=O)O
5,HMDB0000012,O=c1ccn([C@H]2C[C@H](O)[C@@H](CO)O2)c(=O)[nH]1
6,HMDB0000014,Nc1ccn([C@H]2C[C@H](O)[C@@H](CO)O2)c(=O)n1
7,HMDB0000016,C[C@]12CC[C@H]3[C@@H](CCC4=CC(=O)CC[C@@]43C)[C@@H]1CC[C@@H]2C(=O)CO
8,HMDB0000017,Cc1ncc(CO)c(C(=O)O)c1O
9,HMDB0000019,CC(C)C(=O)C(=O)O
10,HMDB0000020,O=C(O)Cc1ccc(O)cc1
11,HMDB0000021,N[C@@H](Cc1ccc(O)c(I)c1)C(=O)O
12,HMDB0000022,COc1cc(CCN)ccc1O
13,HMDB0000023,C[C@@H](CO)C(=O)O
14,HMDB0000026,NC(=O)NCCC(=O)O
15,HMDB0000030,O=C(O)CCCC[C@@H]1SC[C@@H]2NC(=O)N[C@H]12
16,HMDB0000032,CC(C)CCC[C@@H](C)[C@H]1CC[C@H]2C3=CC=C4C[C@@H](O)CC[C@]4(C)[C@H]3CC[C@@]21C
17,HMDB0000033,NCCC(=O)N[C@@H](Cc1cnc[nH]1)C(=O)O
18,HMDB0000034,Nc1ncnc2nc[nH]c12
19,HMDB0247294,CC(O)C(O)C1=Nc2c(nc(N)[nH]c2=O)NC1
20,HMDB0000039,CCCC(=O)O
21,HMDB0000042,CC(=O)O
22,HMDB0000045,Nc1ncnc2c1ncn2[C@@H]1O[C@H](COP(=O)(O)O)[C@@H](O)[C@H]1O
23,HMDB0000050,Nc1ncnc2c1ncn2[C@@H]1O[C@H](CO)[C@@H](O)[C@H]1O
24,HMDB0000052,N=C(NCCC[C@H](N)C(=O)O)N[C@@H](CC(=O)O)C(=O)O
25,HMDB0000053,C[C@]12CC[C@H]3[C@@H](CCC4=CC(=O)CC[C@@]43C)[C@@H]1CCC2=O
26,HMDB0000054,C=CC1=C(C)/C(=C/c2[nH]c(Cc3[nH]c(/C=C4\NC(=O)C(C)=C4C=C)c(C)c3CCC(=O)O)c(CCC(=O)O)c2C)NC1=O
27,HMDB0000055,OC[C@H]1O[C@@H](O[C@@H]2[C@@H](CO)O[C@@H](O)[C@H](O)[C@H]2O)[C@H](O)[C@@H](O)[C@@H]1O
28,HMDB0000056,NCCC(=O)O
29,HMDB0000058,Nc1ncnc2c1ncn2[C@@H]1O[C@@H]2COP(=O)(O)O[C@H]2[C@H]1O
30,HMDB0000060,CC(=O)CC(=O)O
31,HMDB0000061,Nc1ncnc2c1ncn2[C@@H]1O[C@H](COP(=O)(O)O)[C@@H](OP(=O)(O)O)[C@H]1O
32,HMDB0000064,CN(CC(=O)O)C(=N)N
33,HMDB0000068,CNC[C@H](O)c1ccc(O)c(O)c1
34,HMDB0000070,O=C(O)C1CCCCN1
35,HMDB0000071,O=c1[nH]cnc2c1ncn2[C@H]1C[C@H](O)[C@@H](CO)O1
36,HMDB0000072,O=C(O)/C=C(/CC(=O)O)C(=O)O
37,HMDB0000073,NCCc1ccc(O)c(O)c1
38,HMDB0000076,O=C1CCNC(=O)N1
39,HMDB0304210,CC1CNC(=O)NC1=O
40,HMDB0000082,Nc1ccn([C@@H]2O[C@H](COP(=O)(O)OP(=O)(O)OP(=O)(O)O)[C@@H](O)[C@H]2O)c(=O)n1
41,HMDB0000085,Nc1nc2c(ncn2[C@H]2C[C@H](O)[C@@H](CO)O2)c(=O)[nH]1
42,HMDB0000086,C[N+](C)(C)CCOP(=O)([O-])OC[C@H](O)CO
43,HMDB0000087,CNC
44,HMDB0000089,Nc1ccn([C@@H]2O[C@H](CO)[C@@H](O)[C@H]2O)c(=O)n1
45,HMDB0000092,CN(C)CC(=O)O
46,HMDB0000094,O=C(O)CC(O)(CC(=O)O)C(=O)O
47,HMDB0000095,Nc1ccn([C@@H]2O[C@H](COP(=O)(O)O)[C@@H](O)[C@H]2O)c(=O)n1
48,HMDB0000097,C[N+](C)(C)CCO
49,HMDB0000098,OC1OC[C@@H](O)[C@H](O)[C@H]1O
50,HMDB0000099,N[C@@H](CCSC[C@H](N)C(=O)O)C(=O)O
51,HMDB0000101,Nc1ncnc2c1ncn2[C@H]1C[C@H](O)[C@@H](CO)O1
52,HMDB0000107,OC[C@H](O)[C@@H](O)[C@@H](O)[C@H](O)CO
53,HMDB0000108,CCO
54,HMDB0000112,NCCCC(=O)O
55,HMDB0000115,O=C(O)CO
56,HMDB0000118,COc1cc(CC(=O)O)ccc1O
57,HMDB0000119,O=CC(=O)O
58,HMDB0000121,Nc1nc(=O)c2nc(CNc3ccc(C(=O)N[C@@H](CCC(=O)O)C(=O)O)cc3)cnc2[nH]1
59,HMDB0304632,OC[C@H]1OC(O)[C@H](O)[C@@H](O)[C@@H]1O
60,HMDB0000123,NCC(=O)O
61,HMDB0000124,O=C(CO)[C@@H](O)[C@H](O)[C@H](O)COP(=O)(O)O
62,HMDB0000125,N[C@@H](CCC(=O)N[C@@H](CS)C(=O)NCC(=O)O)C(=O)O
63,HMDB0000126,O=P(O)(O)OC[C@H](O)CO
64,HMDB0000127,O=C(O)[C@H]1O[C@H](O)[C@H](O)[C@@H](O)[C@@H]1O
65,HMDB0000128,N=C(N)NCC(=O)O
66,HMDB0000130,O=C(O)Cc1cc(O)ccc1O
67,HMDB0000131,OCC(O)CO
68,HMDB0000132,Nc1nc(=O)c2[nH]cnc2[nH]1
69,HMDB0000133,Nc1nc2c(ncn2[C@@H]2O[C@H](CO)[C@@H](O)[C@H]2O)c(=O)[nH]1
70,HMDB0000134,O=C(O)/C=C/C(=O)O
71,HMDB0000139,O=C(O)[C@H](O)CO
72,HMDB0000142,O=CO
73,HMDB0000143,OC[C@H]1O[C@H](O)[C@H](O)[C@@H](O)[C@H]1O
74,HMDB0000145,C[C@]12CC[C@@H]3c4ccc(O)cc4CC[C@H]3[C@@H]1CCC2=O
75,HMDB0000148,N[C@@H](CCC(=O)O)C(=O)O
76,HMDB0000149,NCCO
77,HMDB0000150,O=C1O[C@H](CO)[C@@H](O)[C@H](O)[C@H]1O
78,HMDB0000151,C[C@]12CC[C@@H]3c4ccc(O)cc4CC[C@H]3[C@@H]1CC[C@@H]2O
79,HMDB0000152,O=C(O)c1cc(O)ccc1O
80,HMDB0000153,C[C@]12CC[C@@H]3c4ccc(O)cc4CC[C@H]3[C@@H]1C[C@@H](O)[C@@H]2O
81,HMDB0000156,O=C(O)C[C@H](O)C(=O)O
82,HMDB0000157,Oc1ncnc2nc[nH]c12
83,HMDB0000158,N[C@@H](Cc1ccc(O)cc1)C(=O)O
84,HMDB0000159,N[C@@H](Cc1ccccc1)C(=O)O
85,HMDB0000161,C[C@H](N)C(=O)O
86,HMDB0000162,O=C(O)[C@@H]1CCCN1
87,HMDB0000163,OC[C@H]1O[C@H](O[C@@H]2[C@@H](CO)O[C@H](O)[C@@H](O)[C@H]2O)[C@H](O)[C@@H](O)[C@@H]1O
88,HMDB0000164,CN
89,HMDB0000167,C[C@@H](O)[C@H](N)C(=O)O
90,HMDB0000168,NC(=O)C[C@H](N)C(=O)O
91,HMDB0000172,CC[C@H](C)[C@H](N)C(=O)O
92,HMDB0000175,O=c1[nH]cnc2c1ncn2[C@@H]1O[C@H](COP(=O)(O)O)[C@@H](O)[C@H]1O
93,HMDB0000176,O=C(O)/C=C\C(=O)O
94,HMDB0000177,N[C@@H](Cc1c[nH]cn1)C(=O)O
95,HMDB0000181,N[C@@H](Cc1ccc(O)c(O)c1)C(=O)O
96,HMDB0000182,NCCCC[C@H](N)C(=O)O
97,HMDB0000186,OC[C@H]1O[C@H](O)[C@H](O)[C@@H](O)[C@@H]1O[C@@H]1O[C@H](CO)[C@H](O)[C@H](O)[C@H]1O
98,HMDB0000187,N[C@@H](CO)C(=O)O
99,HMDB0000189,O=P(O)(O)OP(=O)(O)OP(=O)(O)OC[C@H]1O[C@@H](n2cnc3c(O)ncnc32)[C@H](O)[C@@H]1O
100,HMDB0000190,C[C@H](O)C(=O)O
101,HMDB0000191,N[C@@H](CC(=O)O)C(=O)O
102,HMDB0000192,N[C@@H](CSSC[C@H](N)C(=O)O)C(=O)O
103,HMDB0000193,O=C(O)CC(C(=O)O)C(O)C(=O)O
104,HMDB0000194,Cn1cncc1C[C@H](NC(=O)CCN)C(=O)O
105,HMDB0000195,OC[C@H]1O[C@@H](n2cnc3c(O)ncnc32)[C@H](O)[C@@H]1O
106,HMDB0000197,O=C(O)Cc1c[nH]c2ccccc12
107,HMDB0240773,CC(=O)OC(CC(=O)[O-])C[N+](C)(C)C
108,HMDB0000202,CC(C(=O)O)C(=O)O
109,HMDB0000205,O=C(O)C(=O)Cc1ccccc1
110,HMDB0000206,CC(=O)NCCCC[C@H](N)C(=O)O
111,HMDB0000207,CCCCCCCC/C=C\CCCCCCCC(=O)O
112,HMDB0000208,O=C(O)CCC(=O)C(=O)O
113,HMDB0000209,O=C(O)Cc1ccccc1
114,HMDB0250782,CC(C)(CO)C(O)C(O)=NCCC(=O)O
115,HMDB0000211,O[C@H]1[C@H](O)[C@@H](O)[C@H](O)[C@@H](O)[C@H]1O
116,HMDB0000212,CC(=O)N[C@H]1[C@@H](O)O[C@H](CO)[C@H](O)[C@@H]1O
117,HMDB0000214,NCCC[C@H](N)C(=O)O
118,HMDB0000216,NC[C@H](O)c1ccc(O)c(O)c1
119,HMDB0304435,NC(=O)c1ccc[n+]([C@@H]2O[C@H](CO[P@@](=O)(O)O[P@@](=O)(O)OC[C@H]3O[C@@H](n4cnc5c(N)ncnc54)[C@H](OP(=O)(O)O)[C@@H]3O)[C@@H](O)[C@H]2O)c1
120,HMDB0000220,CCCCCCCCCCCCCCCC(=O)O
121,HMDB0000222,CCCCCCCCCCCCCCCC(=O)O[C@H](CC(=O)[O-])C[N+](C)(C)C
122,HMDB0000223,O=C(O)CC(=O)C(=O)O
123,HMDB0000224,NCCOP(=O)(O)O
124,HMDB0000225,O=C(O)CCCC(=O)C(=O)O
125,HMDB0000226,O=C(O)c1cc(=O)[nH]c(=O)[nH]1
126,HMDB0000228,Oc1ccccc1
127,HMDB0000230,CC(=O)N[C@@H]1[C@@H](O)C[C@@](O)(C(=O)O)O[C@H]1[C@H](O)[C@H](O)CO
128,HMDB0000232,O=C(O)c1cccnc1C(=O)O
129,HMDB0000234,C[C@]12CC[C@H]3[C@@H](CCC4=CC(=O)CC[C@@]43C)[C@@H]1CC[C@@H]2O
130,HMDB0000235,Cc1ncc(C[n+]2csc(CCO)c2C)c(N)n1
131,HMDB0000237,CCC(=O)O
132,HMDB0000238,C[C@H](O)C(=O)C1=Nc2c([nH]c(N)nc2=O)NC1
133,HMDB0000239,Cc1ncc(CO)c(CO)c1O
134,HMDB0000243,CC(=O)C(=O)O
135,HMDB0000244,Cc1cc2nc3c(=O)[nH]c(=O)nc-3n(C[C@H](O)[C@H](O)[C@H](O)CO)c2cc1C
136,HMDB0000246,C1CCOC1
137,HMDB0000247,OC[C@H](O)[C@@H](O)[C@H](O)[C@H](O)CO
138,HMDB0000248,N[C@@H](Cc1cc(I)c(Oc2cc(I)c(O)c(I)c2)c(I)c1)C(=O)O
139,HMDB0000251,NCCS(=O)(=O)O
140,HMDB0000254,O=C(O)CCC(=O)O
141,HMDB0000258,OC[C@H]1O[C@H](O[C@]2(CO)O[C@H](CO)[C@@H](O)[C@@H]2O)[C@H](O)[C@@H](O)[C@@H]1O
142,HMDB0000259,NCCc1c[nH]c2ccc(O)cc12
143,HMDB0000262,Cc1c[nH]c(=O)[nH]c1=O
144,HMDB0000263,C=C(OP(=O)(O)O)C(=O)O
145,HMDB0000265,N[C@@H](Cc1cc(I)c(Oc2ccc(O)c(I)c2)c(I)c1)C(=O)O
146,HMDB0000267,O=C1CC[C@@H](C(=O)O)N1
147,HMDB0000269,CCCCCCCCCCCCCCC[C@@H](O)[C@@H](N)CO
148,HMDB0000271,CNCC(=O)O
149,HMDB0000272,N[C@@H](COP(=O)(O)O)C(=O)O
150,HMDB0000273,Cc1cn([C@H]2C[C@H](O)[C@@H](CO)O2)c(=O)[nH]c1=O
151,HMDB0000279,N[C@@H](CCCCN[C@@H](CCC(=O)O)C(=O)O)C(=O)O
152,HMDB0000283,OC[C@H]1OC(O)[C@H](O)[C@@H]1O
153,HMDB0000288,O=c1ccn([C@@H]2O[C@H](COP(=O)(O)O)[C@@H](O)[C@H]2O)c(=O)[nH]1
154,HMDB0000290,CC(=O)N[C@H]1[C@@H](OP(=O)(O)OP(=O)(O)OC[C@H]2O[C@@H](n3ccc(=O)[nH]c3=O)[C@H](O)[C@@H]2O)O[C@H](CO)[C@@H](O)[C@@H]1O
155,HMDB0000291,COc1cc([C@H](O)C(=O)O)ccc1O
156,HMDB0000292,O=c1[nH]c(=O)c2[nH]cnc2[nH]1
157,HMDB0000295,O=c1ccn([C@@H]2O[C@H](COP(=O)(O)OP(=O)(O)O)[C@@H](O)[C@H]2O)c(=O)[nH]1
158,HMDB0000296,O=c1ccn([C@@H]2O[C@H](CO)[C@@H](O)[C@H]2O)c(=O)[nH]1
159,HMDB0000299,OC[C@H]1O[C@@H](n2cnc3c(O)nc(O)nc32)[C@H](O)[C@@H]1O
160,HMDB0000300,O=c1cc[nH]c(=O)[nH]1
161,HMDB0000301,O=C(O)/C=C/c1c[nH]cn1
162,HMDB0000302,O=c1ccn([C@@H]2O[C@H](COP(=O)(O)OP(=O)(O)O[C@H]3O[C@H](CO)[C@H](O)[C@H](O)[C@H]3O)[C@@H](O)[C@H]2O)c(=O)[nH]1
163,HMDB0000303,NCCc1c[nH]c2ccccc12
164,HMDB0000305,CC1=C(/C=C/C(C)=C/C=C/C(C)=C/CO)C(C)(C)CCC1
165,HMDB0000306,NCCc1ccc(O)cc1
166,HMDB0000308,C[C@H](CCC(=O)O)[C@H]1CC[C@H]2[C@@H]3CC=C4C[C@@H](O)CC[C@]4(C)[C@H]3CC[C@@]21C
167,HMDB0000310,COC(=O)CC(C)=O
168,HMDB0000315,CC(=O)[C@H]1[C@H](O)C[C@H]2[C@@H]3CC=C4C[C@@H](O)CC[C@]4(C)[C@H]3CC[C@@]21C
169,HMDB0000318,OCC(O)c1ccc(O)c(O)c1
170,HMDB0000321,O=C(O)CCCC(O)C(=O)O
171,HMDB0000325,O=C(O)CCCCC(O)CC(=O)O
172,HMDB0000329,CCC(C(=O)O)c1ccccc1
173,HMDB0000335,C[C@]12CC[C@@H]3c4ccc(O)cc4CC[C@H]3[C@@H]1C[C@@H](O)C2=O
174,HMDB0000336,C[C@H](CO)C(=O)O
175,HMDB0000338,C[C@]12CC[C@@H]3c4cc(O)c(O)cc4CC[C@H]3[C@@H]1CC[C@@H]2O
176,HMDB0000339,CCC(C)C(=O)NCC(=O)O
177,HMDB0000343,C[C@]12CC[C@@H]3c4cc(O)c(O)cc4CC[C@H]3[C@@H]1CCC2=O
178,HMDB0000346,O=C(O)[C@@H](O)C[C@H](O)[C@H](O)CO
179,HMDB0000347,C[C@]12CC[C@@H]3c4ccc(O)cc4CC[C@H]3[C@@H]1C[C@H](O)[C@@H]2O
180,HMDB0000355,CC(O)(CC(=O)O)CC(=O)O
181,HMDB0000363,CC(=O)[C@@]1(O)CC[C@H]2[C@@H]3CC=C4C[C@@H](O)CC[C@]4(C)[C@H]3CC[C@@]21C
182,HMDB0000364,C[C@H](CCC(=O)O)[C@H]1CC[C@H]2[C@H]3[C@H](CC[C@@]21C)[C@@]1(C)CC[C@@H](O)C[C@H]1[C@@H](O)[C@@H]3O
183,HMDB0000365,C[C@]12CC[C@H]3[C@@H](CCC4C[C@@H](O)CC[C@@]43C)[C@@H]1CCC2=O
184,HMDB0000370,NC(CP(=O)(O)O)C(=O)O
185,HMDB0000374,CC(=O)[C@@]1(O)CC[C@H]2[C@@H]3CCC4=CC(=O)CC[C@]4(C)[C@H]3CC[C@@]21C
186,HMDB0000378,CCC(C)C(=O)OC(CC(=O)[O-])C[N+](C)(C)C
187,HMDB0000392,CCCCC/C=C\C(=O)O
188,HMDB0000393,O=C(O)C/C=C/CC(=O)O
189,HMDB0000394,O=C(O)CCCCCCCCCCC(O)CC(=O)O
190,HMDB0000397,O=C(O)c1cccc(O)c1O
191,HMDB0000398,O=C(O)CCC(=O)CC(=O)O
192,HMDB0000402,CC(C)[C@@](O)(CC(=O)O)C(=O)O
193,HMDB0000405,COc1cc2c(cc1O)CC[C@@H]1[C@@H]2CC[C@]2(C)[C@@H](O)CC[C@@H]12
194,HMDB0000407,CC(C)C(O)C(=O)O
195,HMDB0000408,CCC(=O)C(C)C(=O)O
196,HMDB0000413,O=C(O)CCCCCCCCC(O)CC(=O)O
197,HMDB0000415,C[C@H](CCC(=O)O)[C@H]1CC[C@H]2[C@H]3[C@H](CC[C@@]21C)[C@@]1(C)CC[C@@H](O)C[C@H]1[C@H](O)[C@@H]3O
198,HMDB0000421,CCC(O)C(O)C(=O)O
199,HMDB0000422,CC(CCC(=O)O)C(=O)O
200,HMDB0000423,O=C(O)CCc1ccc(O)c(O)c1
201,HMDB0000424,O=C(O)CCCCCCCC(O)C(=O)O
202,HMDB0000426,CC(O)(CC(=O)O)C(=O)O
203,HMDB0000428,O=C(O)CC(O)CC(=O)O
204,HMDB0000429,C[C@]12CC[C@@H]3c4ccc(O)cc4CC[C@H]3[C@@H]1CC[C@H]2O
205,HMDB0000434,COc1ccc(CC(=O)O)cc1OC
206,HMDB0000439,O=C(O)CNC(=O)c1ccco1
207,HMDB0000440,O=C(O)Cc1cccc(O)c1
208,HMDB0000442,C[C@H](O)CC(=O)O
209,HMDB0000444,O=C(O)c1ccoc1
210,HMDB0000448,O=C(O)CCCCC(=O)O
211,HMDB0000450,NC[C@H](O)CC[C@H](N)C(=O)O
212,HMDB0000452,CC[C@H](N)C(=O)O
213,HMDB0000453,CC1CCCC(=O)O1
214,HMDB0000455,NC(CSCC[C@H](N)C(=O)O)C(=O)O
215,HMDB0000459,CC(C)=CC(=O)NCC(=O)O
216,HMDB0000462,NC(=O)NC1NC(=O)NC1=O
217,HMDB0000466,Cc1c[nH]c2ccccc12
218,HMDB0000467,C[C@@H](CCC(=O)O)C1CC[C@H]2[C@@H]3C(=O)C[C@@H]4C[C@H](O)CC[C@]4(C)[C@H]3CC[C@]12C
219,HMDB0000468,C[C@H](O)[C@H](O)c1c[nH]c2nc(N)nc(=O)c-2n1
220,HMDB0000469,O=c1[nH]cc(CO)c(=O)[nH]1
221,HMDB0000473,CN(C)c1ncnc2nc[nH]c12
222,HMDB0000474,CCC(C)=O
223,HMDB0000479,Cn1cncc1C[C@H](N)C(=O)O
224,HMDB0000482,CCCCCCCC(=O)O
225,HMDB0000484,COc1cc(C(=O)O)ccc1O
226,HMDB0000490,C[C@]12CC[C@H]3[C@@H](CC[C@@H]4C[C@H](O)CC[C@]34C)[C@@H]1CCC2=O
227,HMDB0000493,C[C@]12CC[C@H]3[C@@H](CC[C@H]4C[C@@H](O)CC[C@@]43C)[C@@H]1CC[C@@H]2O
228,HMDB0000500,O=C(O)c1ccc(O)cc1
229,HMDB0000501,CC(C)CCC[C@@H](C)C1CC[C@H]2[C@@H]3C(=O)C=C4CC(O)CC[C@]4(C)[C@H]3CC[C@]12C
230,HMDB0000508,OC[C@H](O)[C@H](O)[C@H](O)CO
231,HMDB0000509,CC(C)=CC(=O)O
232,HMDB0302754,NC(CCCC(=O)O)C(=O)O
233,HMDB0000511,CCCCCCCCCC(=O)O
234,HMDB0000512,CC(=O)N[C@@H](Cc1ccccc1)C(=O)O
235,HMDB0000517,N=C(N)NCCC[C@H](N)C(=O)O
236,HMDB0000518,C[C@H](CCC(=O)O)[C@H]1CC[C@H]2[C@H]3[C@H](CC[C@@]21C)[C@@]1(C)CC[C@@H](O)C[C@H]1C[C@H]3O
237,HMDB0000528,O=C1CC(C(=O)O)NC(=O)N1
238,HMDB0000529,CCCCCC/C=C\CCCC(=O)O
239,HMDB0000532,CC(=O)NCC(=O)O
240,HMDB0000535,CCCCCC(=O)O
241,HMDB0000538,Nc1ncnc2c1ncn2[C@@H]1O[C@H](COP(=O)(O)OP(=O)(O)OP(=O)(O)O)[C@@H](O)[C@H]1O
242,HMDB0000543,O=C(O)CCCc1ccccc1
243,HMDB0000544,Cc1[nH]c(=O)[nH]c(=O)c1CO
244,HMDB0000546,C[C@]12CC[C@H]3[C@@H](CC[C@@H]4C[C@@H](O)CC[C@]34C)[C@@H]1CCC2=O
245,HMDB0000548,CCCCCCCCCC(=O)OCC(COC(=O)CCCCCCCCC)OC(=O)CCCCCCCCC
246,HMDB0000549,O=C1CCCO1
247,HMDB0000554,C[C@]12CC[C@H]3[C@@H](CC[C@H]4C[C@H](O)CC[C@@]43C)[C@@H]1CC[C@@H]2O
248,HMDB0000555,C[C@@H](CCC(=O)O)CC(=O)O
249,HMDB0000557,CC[C@@H](C)[C@H](N)C(=O)O
250,HMDB0000561,CC1=C(/C=C/C(C)=C/C=C/C(C)=C/C=C/C=C(C)/C=C/C=C(C)/C=C/C2=C(C)CCCC2(C)C)C(C)(C)CCC1
251,HMDB0000562,CN1CC(=O)NC1=N
252,HMDB0000564,CCCCCCCCCCCCCCCC(=O)OC[C@H](COP(=O)([O-])OCC[N+](C)(C)C)OC(=O)CCCCCCCCCCCCCCC
253,HMDB0000565,O=C(O)[C@H](O)[C@@H](O)[C@@H](O)[C@H](O)CO
254,HMDB0000567,O=C(O)/C=C\c1ccccc1
255,HMDB0000573,CCCCCCCC/C=C/CCCCCCCC(=O)O
256,HMDB0000574,N[C@@H](CS)C(=O)O
257,HMDB0000575,NC(CCSSCCC(N)C(=O)O)C(=O)O
258,HMDB0000576,CCOC(=O)CC(=O)O
259,HMDB0000577,CC(C)CCC[C@@H](C)[C@H]1CC[C@H]2[C@@H]3CC[C@@H]4C[C@@H](O)CC[C@]4(C)[C@H]3CC[C@@]21C
260,HMDB0000582,NC(Cc1cc(I)c(Oc2ccc(O)cc2)c(I)c1)C(=O)O
261,HMDB0000590,O=C(O)CCCC(=O)NCC(=O)O
262,HMDB0000592,N[C@H]1[C@H](O)O[C@H](COS(=O)(=O)O)[C@@H](O)[C@@H]1O
263,HMDB0000609,NC(Cc1ccc(O)c(O)c1)C(=O)O
264,HMDB0000617,O=C(O)c1ccco1
265,HMDB0000620,O=C(O)/C=C/CC(=O)O
266,HMDB0000622,CCC(C(=O)O)C(=O)O
267,HMDB0000623,O=C(O)CCCCCCCCCCC(=O)O
268,HMDB0000625,O=C(O)[C@H](O)[C@@H](O)[C@H](O)[C@H](O)CO
269,HMDB0000626,C[C@H](CCC(=O)O)[C@H]1CC[C@H]2[C@@H]3CC[C@@H]4C[C@H](O)CC[C@]4(C)[C@H]3C[C@H](O)[C@@]21C
270,HMDB0000628,C[C@]12CC[C@H]3[C@@H](CCC4=CC(=O)CC[C@@]43C)[C@@H]1CC[C@H]2O
271,HMDB0000630,Nc1ccnc(=O)[nH]1
272,HMDB0000631,C[C@H](CCC(=O)NCC(=O)O)[C@H]1CCC2C3CC[C@@H]4C[C@H](O)CC[C@]4(C)C3C[C@H](O)[C@@]21C
273,HMDB0000634,C/C(=C/C(=O)O)C(=O)O
274,HMDB0000635,CC(=O)CC(=O)CCC(=O)O
275,HMDB0000638,CCCCCCCCCCCC(=O)O
276,HMDB0000639,O=C(O)[C@@H](O)[C@H](O)[C@H](O)[C@@H](O)C(=O)O
277,HMDB0000640,O[C@H]1[C@H](O)[C@@H](O)[C@@H]2OC[C@H]1O2
278,HMDB0000641,NC(=O)CC[C@H](N)C(=O)O
279,HMDB0000650,CC[C@@H](N)C(=O)O
280,HMDB0000653,CC(C)CCC[C@@H](C)[C@H]1CC[C@H]2[C@@H]3CC=C4C[C@@H](OS(=O)(=O)O)CC[C@]4(C)[C@H]3CC[C@@]21C
281,HMDB0000656,NC(CSSC[C@H](NC(=O)CC[C@H](N)C(=O)O)C(=O)NCC(=O)O)C(=O)O
282,HMDB0000660,OC[C@H]1O[C@](O)(CO)[C@@H](O)[C@@H]1O
283,HMDB0000661,O=C(O)CCCC(=O)O
284,HMDB0000663,O=C(O)[C@@H](O)[C@@H](O)[C@H](O)[C@@H](O)C(=O)O
285,HMDB0000665,CC(C)CC(O)C(=O)O
286,HMDB0000666,CCCCCCC(=O)O
287,HMDB0000667,N[C@@H](Cc1ccc(Oc2ccc(O)cc2)cc1)C(=O)O
288,HMDB0000669,O=C(O)Cc1ccccc1O
289,HMDB0000670,N=C(N)NCCCC[C@H](N)C(=O)O
290,HMDB0000672,O=C(O)CCCCCCCCCCCCCCC(=O)O
291,HMDB0000673,CCCCC/C=C\C/C=C\CCCCCCCC(=O)O
292,HMDB0000674,CCCCCCCCCCCCCCCC(=O)OC[C@H](COP(=O)(O)O)OC(=O)CCCCCCCCCCCCCCC
293,HMDB0000676,NC(CCSSCC[C@H](N)C(=O)O)C(=O)O
294,HMDB0000678,CC(C)CC(=O)NCC(=O)O
295,HMDB0000679,NC(=O)NCCCC[C@H](N)C(=O)O
296,HMDB0000682,O=S(=O)(O)Oc1c[nH]c2ccccc12
297,HMDB0000684,Nc1ccccc1C(=O)C[C@H](N)C(=O)O
298,HMDB0000687,CC(C)C[C@H](N)C(=O)O
299,HMDB0000688,CC(C)CC(=O)OC(CC(=O)[O-])C[N+](C)(C)C
300,HMDB0000689,CC(C)CCC(=O)O
301,HMDB0000691,O=C(O)CC(=O)O
302,HMDB0000694,O=C(O)CC[C@H](O)C(=O)O
303,HMDB0000695,CC(C)CC(=O)C(=O)O
304,HMDB0000696,CSCC[C@H](N)C(=O)O
305,HMDB0000699,C[n+]1cccc(C(N)=O)c1
306,HMDB0000700,O=C(O)CCO
307,HMDB0000701,CCCCCC(=O)NCC(=O)O
308,HMDB0000703,O=C(O)[C@@H](O)c1ccccc1
309,HMDB0000704,Nc1nc(=O)c2ncc(=O)[nH]c2[nH]1
310,HMDB0000706,N[C@@H](CC(=O)O)C(=O)N[C@@H](Cc1ccccc1)C(=O)O
311,HMDB0000707,O=C(O)C(=O)Cc1ccc(O)cc1
312,HMDB0000711,CCCCCCC(O)C(=O)O
313,HMDB0000714,O=C(O)CNC(=O)c1ccccc1
314,HMDB0000715,O=C(O)c1cc(=O)c2ccccc2[nH]1
315,HMDB0000716,O=C(O)[C@@H]1CCCCN1
316,HMDB0000718,CC(C)CC(=O)O
317,HMDB0000719,N[C@@H](CCO)C(=O)O
318,HMDB0000720,CC(=O)CCC(=O)O
319,HMDB0252876,NCC(=O)N1CCCC1C(=O)O
320,HMDB0000725,O=C(O)[C@@H]1C[C@@H](O)CN1
321,HMDB0000726,CC(C)CC(=O)N[C@@H](CCC(=O)O)C(=O)O
322,HMDB0000729,CC(C)(O)C(=O)O
323,HMDB0000730,CC(C)C(=O)NCC(=O)O
324,HMDB0000731,N[C@@H](CSS(=O)(=O)O)C(=O)O
325,HMDB0000732,Nc1c(O)cccc1C(=O)CC(N)C(=O)O
326,HMDB0000733,C[C@H](CCC(=O)O)[C@H]1CC[C@H]2[C@@H]3C[C@H](O)C4C[C@H](O)CC[C@]4(C)[C@H]3CC[C@@]21C
327,HMDB0000735,O=C(O)CNC(=O)Cc1ccc(O)cc1
328,HMDB0000738,c1ccc2[nH]ccc2c1
329,HMDB0000745,NCCCC(=O)N[C@@H](Cc1c[nH]cn1)C(=O)O
330,HMDB0000746,CC(C)C[C@H](O)C(=O)O
331,HMDB0000747,CC(C)CC(=O)N[C@@H](C)C(=O)O
332,HMDB0000748,O=C(O)[C@H](O)Cc1ccccc1
333,HMDB0000749,C/C(=C\C(=O)O)C(=O)O
334,HMDB0000750,O=C(O)C(O)c1cccc(O)c1
335,HMDB0000752,CC(CC(=O)O)CC(=O)O
336,HMDB0000753,CCCC(=O)CC
337,HMDB0000754,CC(C)(O)CC(=O)O
338,HMDB0000755,O=C(O)C(O)Cc1ccc(O)cc1
339,HMDB0000756,CCCCCC(=O)O[C@H](CC(=O)[O-])C[N+](C)(C)C
340,HMDB0000757,OC[C@H]1O[C@H](OC[C@H]2O[C@H](O[C@@H]3[C@@H](CO)O[C@H](O)[C@H](O)[C@H]3O)[C@H](O)[C@@H](O)[C@@H]2O[C@H]2O[C@H](CO)[C@@H](O)[C@H](O)[C@H]2O)[C@H](O)[C@@H](O)[C@@H]1O
341,HMDB0000759,CC(C)C[C@H](NC(=O)CN)C(=O)O
342,HMDB0000763,O=C(O)Cc1c[nH]c2ccc(O)cc12
343,HMDB0000764,O=C(O)CCc1ccccc1
344,HMDB0000765,OC[C@@H](O)[C@@H](O)[C@H](O)[C@H](O)CO
345,HMDB0000766,CC(=O)N[C@@H](C)C(=O)O
346,HMDB0000772,CCCCCCCCCCCCCCCCCCC(=O)O
347,HMDB0000774,CC(=O)[C@H]1CC[C@H]2[C@@H]3CC=C4CC(OS(=O)(=O)O)CC[C@]4(C)[C@H]3CC[C@]12C
348,HMDB0000779,O=C(O)C(O)Cc1ccccc1
349,HMDB0000781,CC(=O)N[C@H]1[C@H](O)O[C@H](CO)[C@H](OS(=O)(=O)O)[C@@H]1O
350,HMDB0000782,O=C(O)CCCCCCCCCCCCCCCCC(=O)O
351,HMDB0000783,CCC(=O)NCC(=O)O
352,HMDB0000784,O=C(O)CCCCCCCC(=O)O
353,HMDB0000786,O=c1nc2[nH][nH]cc-2c(=O)[nH]1
354,HMDB0000788,O=C(O)c1cc(=O)[nH]c(=O)n1[C@@H]1O[C@H](CO)[C@@H](O)[C@H]1O
355,HMDB0000792,O=C(O)CCCCCCCCC(=O)O
356,HMDB0000798,CCCCCCC(=O)OCC
357,HMDB0000802,Nc1nc2nccnc2c(=O)[nH]1
358,HMDB0000803,CC(=O)N[C@H]1[C@H](O)O[C@H](CO)[C@@H](O)[C@@H]1O
359,HMDB0000806,CCCCCCCCCCCCCC(=O)O
360,HMDB0000807,O=C(O)C(O)COP(=O)(O)O
361,HMDB0000812,CC(=O)N[C@@H](CC(=O)O)C(=O)O
362,HMDB0000819,COc1cc(C(O)CN)ccc1O
363,HMDB0000820,CCCO
364,HMDB0000821,O=C(O)CNC(=O)Cc1ccccc1
365,HMDB0000827,CCCCCCCCCCCCCCCCCC(=O)O
366,HMDB0000828,NC(=O)N[C@@H](CC(=O)O)C(=O)O
367,HMDB0000832,CCCCCCCC(=O)NCC(=O)O
368,HMDB0000840,O=C(O)CNC(=O)c1ccccc1O
369,HMDB0000842,O=C(O)c1ccc2ccccc2n1
370,HMDB0000845,Nc1nc2ncc(C(O)C(O)CO)nc2c(=O)[nH]1
371,HMDB0000847,CCCCCCCCC(=O)O
372,HMDB0000849,C[C@@H]1OC(O)[C@H](O)[C@H](O)[C@H]1O
373,HMDB0000852,CC[C@H](CC[C@@H](C)[C@H]1CC[C@H]2[C@@H]3CC=C4C[C@@H](O)CC[C@]4(C)[C@H]3CC[C@@]21C)C(C)C
374,HMDB0000857,O=C(O)CCCCCC(=O)O
375,HMDB0000858,COC(=O)CCCC(=O)O
376,HMDB0000859,COC(=O)CNC(=O)c1ccccc1
377,HMDB0000860,O=C(O)CNC(=O)CCc1ccccc1
378,HMDB0000863,CC(C)O
379,HMDB0000866,CC(=O)N[C@@H](Cc1ccc(O)cc1)C(=O)O
380,HMDB0000870,NCCc1c[nH]cn1
381,HMDB0000871,CC(C)CCC[C@@H](C)[C@H]1CC[C@H]2[C@@H]3CC[C@H]4CC(=O)CC[C@]4(C)[C@H]3CC[C@@]21C
382,HMDB0000872,O=C(O)CCCCCCCCCCCCC(=O)O
383,HMDB0000873,Cc1ccc(O)c(O)c1
384,HMDB0000875,C[n+]1cccc(C(=O)[O-])c1
385,HMDB0000881,O=C(O)c1cc(O)c2cccc(O)c2n1
386,HMDB0000883,CC(C)[C@H](N)C(=O)O
387,HMDB0000884,Cc1cn([C@@H]2O[C@H](CO)[C@@H](O)[C@H]2O)c(=O)[nH]c1=O
388,HMDB0000885,CCCCCCCCCCCCCCCC(=O)O[C@H]1CC[C@@]2(C)C(=CC[C@@H]3[C@@H]2CC[C@@]2(C)[C@H]3CC[C@@H]2[C@H](C)CCCC(C)C)C1
389,HMDB0000888,O=C(O)CCCCCCCCCC(=O)O
390,HMDB0000892,CCCCC(=O)O
391,HMDB0000893,O=C(O)CCCCCCC(=O)O
392,HMDB0000895,CC(=O)OCC[N+](C)(C)C
393,HMDB0000896,C[C@H](CCC(=O)NCCS(=O)(=O)O)[C@H]1CC[C@H]2[C@@H]3CC[C@@H]4C[C@H](O)CC[C@]4(C)[C@H]3C[C@H](O)[C@@]21C
394,HMDB0000898,Cn1cnc(CCN)c1
395,HMDB0000899,C[C@]12CC[C@H]3[C@@H](CC[C@H]4CC(=O)CC[C@@]43C)[C@@H]1CCC2=O
396,HMDB0000900,C=C1CC[C@H](O)C/C1=C/C=C1\CCC[C@@]2(C)[C@H]1CC[C@@H]2[C@H](C)/C=C/[C@H](C)C(C)C
397,HMDB0000903,C[C@]12CC[C@H](O)C[C@@H]1CC[C@@H]1[C@@H]2C(=O)C[C@@]2(C)[C@H]1CC[C@]2(O)C(=O)CO
398,HMDB0000904,NC(=O)NCCC[C@H](N)C(=O)O
399,HMDB0000905,Nc1ncnc2c1ncn2[C@H]1C[C@H](O)[C@@H](COP(=O)(O)O)O1
400,HMDB0000906,CN(C)C
401,HMDB0000907,C[C@H](CCC(=O)O)[C@H]1CC[C@H]2[C@@H]3CCC4C[C@H](OS(=O)(=O)O)CC[C@]4(C)[C@H]3CC[C@@]21C
402,HMDB0000908,CC(C)CCC[C@@H](C)[C@H]1CC[C@H]2[C@@H]3CC[C@H]4C[C@@H](O)CC[C@]4(C)[C@H]3CC[C@@]21C
403,HMDB0000910,CCCCCCCCCCCCC(=O)O
404,HMDB0000913,COc1cc(CC(O)C(=O)O)ccc1O
405,HMDB0000920,CC(=O)C1CC[C@H]2[C@@H]3CCC4=CC(=O)CC[C@]4(C)[C@H]3[C@H](O)C[C@]12C
406,HMDB0000921,CC(C)CCC[C@@H](C)[C@H]1CC[C@H]2[C@@H]3CCC4=CC(=O)CC[C@]4(C)[C@H]3CC[C@@]21C
407,HMDB0000925,C[N+](C)(C)[O-]
408,HMDB0000926,c1ccncc1
409,HMDB0000927,CCCCC(=O)NCC(=O)O
410,HMDB0000929,N[C@@H](Cc1c[nH]c2ccccc12)C(=O)O
411,HMDB0000930,O=C(O)/C=C/c1ccccc1
412,HMDB0000933,O=C(O)/C=C/CCCCCCCCC(=O)O
413,HMDB0000937,CC[C@H](/C=C/[C@@H](C)[C@H]1CC[C@H]2[C@@H]3CC=C4C[C@@H](O)CC[C@]4(C)[C@H]3CC[C@@]21C)C(C)C
414,HMDB0000939,Nc1ncnc2c1ncn2[C@@H]1O[C@H](CSCC[C@H](N)C(=O)O)[C@@H](O)[C@H]1O
415,HMDB0000944,CCCCCCCCCCCCCCCCCCCCCC(=O)O
416,HMDB0000947,CCCCCCCCCCC(=O)O
417,HMDB0000953,O=C(O)CCCCCCC(=O)NCC(=O)O
418,HMDB0000954,COc1cc(/C=C/C(=O)O)ccc1O
419,HMDB0000955,COc1ccc(/C=C/C(=O)O)cc1O
420,HMDB0000956,O=C(O)[C@H](O)[C@@H](O)C(=O)O
421,HMDB0000957,Oc1ccccc1O
422,HMDB0000958,O=C(O)/C=C(\CC(=O)O)C(=O)O
423,HMDB0000959,C/C=C(\C)C(=O)NCC(=O)O
424,HMDB0000962,NC(=O)CCCCC1CCSS1
425,HMDB0000965,NCCS(=O)O
426,HMDB0000975,OC[C@H]1O[C@H](O[C@H]2O[C@H](CO)[C@@H](O)[C@H](O)[C@H]2O)[C@H](O)[C@@H](O)[C@@H]1O
427,HMDB0000982,Cc1cn([C@@H]2O[C@H](CO)[C@@H](O)[C@H]2O)c(=O)nc1N
428,HMDB0000991,CCCCCCC(N)C(=O)O
429,HMDB0000995,CC(=O)C1=CC[C@H]2[C@@H]3CCC4=CC(=O)CC[C@]4(C)[C@H]3CC[C@]12C
430,HMDB0001003,Nc1ncnc2c1ncn2[C@@H]1O[C@H](COP(=O)(O)OS(=O)(=O)O)[C@@H](O)[C@H]1O
431,HMDB0001020,CN(C)c1ccccc1
432,HMDB0001044,Nc1nc2c(ncn2[C@H]2C[C@H](O)[C@@H](COP(=O)(O)O)O2)c(=O)[nH]1
433,HMDB0001046,CN1C(=O)CCC1c1cccnc1
434,HMDB0001049,N[C@@H](CCC(=O)N[C@@H](CS)C(=O)O)C(=O)O
435,HMDB0001051,O=CC(O)CO
436,HMDB0001065,NCC(O)c1ccccc1
437,HMDB0255414,CC(=O)NC(CC(=O)O)C(=O)NC(CCC(=O)O)C(=O)O
438,HMDB0001069,Nc1nc(Nc2ccccc2)nc2c1ncn2C1OC(CO)C(O)C1O
439,HMDB0001078,O=P(O)(O)OC[C@H]1O[C@@H](O)[C@@H](O)[C@@H](O)[C@@H]1O
440,HMDB0001101,COc1ccc(C(=O)O)cc1
441,HMDB0001107,Cn1c[n+]([C@@H]2O[C@H](CO)[C@@H](O)[C@H]2O)c2[nH]c(N)nc(=O)c21
442,HMDB0001120,CC(C)=CCOP(=O)(O)OP(=O)(O)O
443,HMDB0001123,Nc1ccccc1C(=O)O
444,HMDB0001129,CC(=O)N[C@@H]1[C@H](O)O[C@H](CO)[C@@H](O)[C@@H]1O
445,HMDB0001140,CCCCCCCC=O
446,HMDB0001149,NCC(=O)CCC(=O)O
447,HMDB0001151,OC[C@@H]1OC(O)[C@@H](O)[C@@H](O)[C@H]1O
448,HMDB0001160,CCCCCCCCCCCCCCCCCCCCCCC(=O)O
449,HMDB0001169,Nc1ccc(O)cc1
450,HMDB0001170,CC(C)CCC[C@@H](C)[C@H]1CC[C@H]2C3=CC[C@H]4C[C@@H](O)CC[C@]4(C)[C@H]3CC[C@@]21C
451,HMDB0001173,CSC[C@H]1O[C@@H](n2cnc3c(N)ncnc32)[C@H](O)[C@@H]1O
452,HMDB0001183,CCCCCCCCO
453,HMDB0001184,C/C=C/C(C)=O
454,HMDB0001186,CC(=O)NCCCNCCCCNCCCN
455,HMDB0001197,Cc1cc2c(cc1C)N(C[C@H](O)[C@H](O)[C@H](O)COP(=O)(O)OP(=O)(O)OC[C@H]1O[C@@H](n3cnc4c(N)ncnc43)[C@H](O)[C@@H]1O)c1nc(O)nc(O)c1N2
456,HMDB0001201,Nc1nc2c(ncn2[C@@H]2O[C@H](COP(=O)(O)OP(=O)(O)O)[C@@H](O)[C@H]2O)c(=O)[nH]1
457,HMDB0001202,Nc1ccn([C@H]2C[C@H](O)[C@@H](COP(=O)(O)O)O2)c(=O)n1
458,HMDB0001209,NC(=O)NC(NC(N)=O)C(=O)O
459,HMDB0001218,O=c1ccc2ccccc2o1
460,HMDB0001220,CCCCC[C@H](O)/C=C/[C@H]1[C@H](O)CC(=O)[C@@H]1C/C=C\CCCC(=O)O
461,HMDB0001227,Cc1cn([C@H]2C[C@H](O)[C@@H](COP(=O)(O)O)O2)c(=O)[nH]c1=O
462,HMDB0001232,O=[N+]([O-])c1ccc(O)cc1
463,HMDB0001238,CC(=O)NCCc1c[nH]c2ccc(O)cc12
464,HMDB0001248,Cc1cc2nc3c(=O)[nH]c(=O)nc-3n(C[C@H](O)[C@H](O)[C@H](O)COP(=O)(O)OP(=O)(O)OC[C@H]3O[C@@H](n4cnc5c(N)ncnc54)[C@H](O)[C@@H]3O)c2cc1C
465,HMDB0001254,N[C@H]1[C@@H](O)O[C@H](COP(=O)(O)O)[C@@H](O)[C@@H]1O
466,HMDB0001256,NCCCNCCCCNCCCN
467,HMDB0001257,NCCCCNCCCN
468,HMDB0001259,O=CCCC(=O)O
469,HMDB0001262,OC[C@H]1O[C@H](O[C@@H]2[C@@H](CO)O[C@H](O[C@@H]3[C@@H](CO)OC(O)[C@H](O)[C@H]3O)[C@H](O)[C@H]2O)[C@H](O)[C@@H](O)[C@@H]1O
470,HMDB0001266,OC[C@@]1(O)OC[C@H](O)[C@@H](O)[C@@H]1O
471,HMDB0001273,Nc1nc2c(ncn2[C@@H]2O[C@H](COP(=O)(O)OP(=O)(O)OP(=O)(O)O)[C@@H](O)[C@H]2O)c(=O)[nH]1
472,HMDB0001294,O=C(O)[C@@H](COP(=O)(O)O)OP(=O)(O)O
473,HMDB0001296,OC[C@H]1O[C@H](O[C@@H]2[C@@H](CO)O[C@H](O[C@@H]3[C@@H](CO)O[C@H](O[C@@H]4[C@@H](CO)OC(O)[C@H](O)[C@H]4O)[C@H](O)[C@H]3O)[C@H](O)[C@H]2O)[C@H](O)[C@@H](O)[C@@H]1O
474,HMDB0001310,C[C@@H](N)C(=O)O
475,HMDB0001311,C[C@@H](O)C(=O)O
476,HMDB0001316,O=C(O)[C@H](O)[C@@H](O)[C@H](O)[C@H](O)COP(=O)(O)O
477,HMDB0001336,O=C(O)Cc1ccc(O)c(O)c1
478,HMDB0001341,Nc1ncnc2c1ncn2[C@@H]1O[C@H](COP(=O)(O)OP(=O)(O)O)[C@@H](O)[C@H]1O
479,HMDB0001342,Cc1cn([C@H]2C[C@H](O)[C@@H](COP(=O)(O)OP(=O)(O)OP(=O)(O)O)O2)c(=O)nc1O
480,HMDB0001355,CCOP(=S)(OCC)Oc1ccc([N+](=O)[O-])cc1
481,HMDB0001358,CC1=C(/C=C/C(C)=C/C=C/C(C)=C/C=O)C(C)(C)CCC1
482,HMDB0001366,c1ncc2[nH]cnc2n1
483,HMDB0001368,O=C(O)C(=O)CS
484,HMDB0001370,N[C@@H](CCC[C@H](N)C(=O)O)C(=O)O
485,HMDB0001372,Cc1ncc(C[n+]2csc(CCOP(=O)(O)OP(=O)(O)O)c2C)c(N)n1
486,HMDB0001388,CC/C=C\C/C=C\C/C=C\CCCCCCCC(=O)O
487,HMDB0001389,COc1ccc2[nH]cc(CCNC(C)=O)c2c1
488,HMDB0001392,Nc1ccc(C(=O)O)cc1
489,HMDB0001397,Nc1nc2c(ncn2[C@@H]2O[C@H](COP(=O)(O)O)[C@@H](O)[C@H]2O)c(=O)[nH]1
490,HMDB0001398,COc1ccccc1O
491,HMDB0001401,O=P(O)(O)OC[C@H]1OC(O)[C@H](O)[C@@H](O)[C@@H]1O
492,HMDB0001403,CCCCC[C@H](O)/C=C/[C@H]1C(=O)C[C@H](O)[C@@H]1C/C=C\CCCC(=O)O
493,HMDB0001406,NC(=O)c1cccnc1
494,HMDB0001409,O=c1ccn([C@H]2C[C@H](O)[C@@H](COP(=O)(O)O)O2)c(=O)[nH]1
495,HMDB0001414,NCCCCN
496,HMDB0001431,Cc1ncc(CO)c(CN)c1O
497,HMDB0001432,N=C(N)NCCCCN
498,HMDB0001434,COc1cc(CC(N)C(=O)O)ccc1O
499,HMDB0001440,Nc1nc2c(ncn2[C@H]2C[C@H](O)[C@@H](COP(=O)(O)OP(=O)(O)OP(=O)(O)O)O2)c(=O)[nH]1
500,HMDB0001451,O=C(O)CCCC[C@@H]1CCSS1
501,HMDB0001460,CCOP(O)(=S)OCC
502,HMDB0001470,C/C=C(\C)C(=O)O
503,HMDB0001476,Nc1c(O)cccc1C(=O)O
504,HMDB0001488,O=C(O)c1cccnc1
505,HMDB0001491,Cc1ncc(COP(=O)(O)O)c(C=O)c1O
506,HMDB0001494,CC(=O)OP(=O)(O)O
507,HMDB0001505,c1ccccc1
508,HMDB0001511,CN(CC(=O)O)C(=N)NP(=O)(O)O
509,HMDB0001520,Cc1cc2nc3c(=O)[nH]c(=O)nc-3n(C[C@H](O)[C@H](O)[C@H](O)COP(=O)(O)O)c2cc1C
510,HMDB0001522,CNC(=N)N
511,HMDB0001525,c1c[nH]cn1
512,HMDB0001532,Nc1ncnc2c1ncn2[C@H]1C[C@H](O)[C@@H](COP(=O)(O)OP(=O)(O)OP(=O)(O)O)O1
513,HMDB0001537,NCCc1cc(O)c(O)cc1O
514,HMDB0001538,O=C(O)Cc1cccnc1
515,HMDB0001542,CC(=O)N[C@H]1[C@H](O)O[C@H](CO)[C@@H](O[C@@H]2O[C@H](CO)[C@H](O)[C@H](O)[C@H]2O)[C@@H]1O
516,HMDB0001544,O=C(O)c1cccc(Cl)c1
517,HMDB0001545,Cc1ncc(CO)c(C=O)c1O
518,HMDB0001547,C[C@]12C[C@H](O)[C@H]3[C@@H](CCC4=CC(=O)CC[C@@]43C)[C@@H]1CC[C@@H]2C(=O)CO
519,HMDB0001563,Cn1c(N)nc2c(ncn2[C@@H]2O[C@H](CO)[C@@H](O)[C@H]2O)c1=O
520,HMDB0001565,C[N+](C)(C)CCOP(=O)(O)O
521,HMDB0001568,CCCCC/C=C/C(=O)O
522,HMDB0001569,CC(C)CCC[C@@H](C)[C@H]1CC[C@H]2[C@@H]3CC[C@H]4C[C@H](O)CC[C@]4(C)[C@H]3CC[C@@]21C
523,HMDB0001570,Cc1cn([C@H]2CC3OP(=O)(O)OCC3O2)c(=O)[nH]c1=O
524,HMDB0001624,CCCCC(O)C(=O)O
525,HMDB0001645,CCCC[C@H](N)C(=O)O
526,HMDB0001659,CC(C)=O
527,HMDB0001713,O=C(O)/C=C/c1cccc(O)c1
528,HMDB0001721,NC(COP(=O)(O)O)C(=O)O
529,HMDB0001786,OC[C@H]1O[C@@H](n2cnc3c2ncn2ccnc32)C[C@@H]1O
530,HMDB0001830,CC(=O)[C@H]1CC[C@H]2[C@@H]3CCC4=CC(=O)CC[C@]4(C)[C@H]3CC[C@]12C
531,HMDB0001833,Nc1nc(N)c2nc(CNc3ccc(C(=O)NC(CCC(=O)O)C(=O)O)cc3)cnc2n1
532,HMDB0001843,C=CC(=O)NCC(=O)O
533,HMDB0243631,N=c1nc(O)c2c([nH]1)NCC(CNc1ccc(C(=O)NC(CCC(=O)O)C(=O)O)cc1)N2
534,HMDB0001847,Cn1c(=O)c2c(ncn2C)n(C)c1=O
535,HMDB0001848,CN(C)CCCN1c2ccccc2CCc2ccccc21
536,HMDB0001849,CC(C)NCC(O)COc1cccc2ccccc12
537,HMDB0001850,COc1ccc(CCN(C)CCCC(C#N)(c2ccc(OC)c(OC)c2)C(C)C)cc1OC
538,HMDB0001851,OC[C@H](O)C(O)[C@@H](O)CO
539,HMDB0001855,OCCc1c[nH]c2ccc(O)cc12
540,HMDB0001856,O=C(O)c1ccc(O)c(O)c1
541,HMDB0001857,Cn1c(=O)c2[nH]c(=O)[nH]c2n(C)c1=O
542,HMDB0001858,Cc1ccc(O)cc1
543,HMDB0001859,CC(=O)Nc1ccc(O)cc1
544,HMDB0001860,Cn1c(=O)[nH]c2ncn(C)c2c1=O
545,HMDB0001861,Cn1cncc1CCN
546,HMDB0001862,C=C(CC)C(=O)O
547,HMDB0001864,CCCCC(=O)C(=O)O
548,HMDB0001866,O=C(O)C(O)c1ccc(O)c(O)c1
549,HMDB0001867,Nc1ccc(C(=O)NCC(=O)O)cc1
550,HMDB0001868,COc1ccc(O)c(C(=O)O)c1
551,HMDB0001870,O=C(O)c1ccccc1
552,HMDB0001871,Oc1cc(O)c2c(c1)O[C@H](c1ccc(O)c(O)c1)[C@H](O)C2
553,HMDB0001873,CC(C)C(=O)O
554,HMDB0001874,O=C(O)C[C@H](C(=O)O)[C@@H](O)C(=O)O
555,HMDB0001875,CO
556,HMDB0001877,CCCC(CCC)C(=O)O
557,HMDB0001878,Cc1ccc(C(C)C)c(O)c1
558,HMDB0001879,CC(=O)Oc1ccccc1C(=O)O
559,HMDB0001882,O=C(CO)CO
560,HMDB0001885,NC(Cc1ccc(O)c(Cl)c1)C(=O)O
561,HMDB0001886,Cn1c(=O)[nH]c(=O)c2[nH]cnc21
562,HMDB0001888,CN(C)C=O
563,HMDB0001889,Cn1c(=O)c2[nH]cnc2n(C)c1=O
564,HMDB0001890,CC(=O)N[C@@H](CS)C(=O)O
565,HMDB0001891,Nc1cccc(C(=O)O)c1
566,HMDB0001892,CC1=CC(=O)c2ccccc2C1=O
567,HMDB0001893,Cc1c(C)c2c(c(C)c1O)CC[C@@](C)(CCC[C@H](C)CCC[C@H](C)CCCC(C)C)O2
568,HMDB0001894,COC(=O)[C@H](Cc1ccccc1)NC(=O)[C@@H](N)CC(=O)O
569,HMDB0001895,O=C(O)c1ccccc1O
570,HMDB0001896,COc1ccc2[nH]cc(CCO)c2c1
571,HMDB0001900,O=C1O[C@H](CO)[C@@H](O)[C@H]1O
572,HMDB0001901,NCCCCCC(=O)O
573,HMDB0001902,Nc1nc(=O)c2nc(CNc3ccc(C(=O)NC(CCC(=O)NC(CCC(=O)NC(CCC(=O)O)C(=O)O)C(=O)O)C(=O)O)cc3)cnc2[nH]1
574,HMDB0001904,N[C@@H](Cc1ccc(O)c([N+](=O)[O-])c1)C(=O)O
575,HMDB0001906,CC(C)(N)C(=O)O
576,HMDB0001913,COc1ccc2nc(S(=O)Cc3ncc(C)c(OC)c3C)[nH]c2c1
577,HMDB0001919,NC(N)=Nc1nc(CSCCC(N)=NS(N)(=O)=O)cs1
578,HMDB0001921,CN(C)C(=N)NC(=N)N
579,HMDB0001922,Clc1ccccc1C(c1ccccc1)(c1ccccc1)n1ccnc1
580,HMDB0001923,COc1ccc2cc([C@H](C)C(=O)O)ccc2c1
581,HMDB0001924,CC(C)NCC(O)COc1ccc(CC(N)=O)cc1
582,HMDB0001925,CC(C)Cc1ccc(C(C)C(=O)O)cc1
583,HMDB0001926,C#C[C@]1(O)CC[C@H]2[C@@H]3CCc4cc(O)ccc4[C@H]3CC[C@@]21C
584,HMDB0001927,CN(C)CCOC(c1ccccc1)c1ccccc1
585,HMDB0001928,NS(=O)(=O)c1cc2c(cc1Cl)NCNS2(=O)=O
586,HMDB0001929,C[C@H]1COc2c(N3CCN(C)CC3)c(F)cc3c(=O)c(C(=O)O)cn1c23
587,HMDB0001930,CN/C(=C\[N+](=O)[O-])NCCSCc1ccc(CN(C)C)o1
588,HMDB0001932,COCCc1ccc(OCC(O)CNC(C)C)cc1
589,HMDB0001933,NS(=O)(=O)c1cc(C(=O)O)c(NCc2ccco2)cc1Cl
590,HMDB0001934,CN1CCC[C@H]1c1cccnc1
591,HMDB0001936,CN(C)CCOC(C)(c1ccccc1)c1ccccn1
592,HMDB0001938,NCCCC[C@H](N[C@@H](CCc1ccccc1)C(=O)O)C(=O)N1CCC[C@H]1C(=O)O
593,HMDB0001939,CC(=O)[C@@]1(O)CC[C@H]2[C@@H]3C[C@H](C)C4=CC(=O)CC[C@]4(C)[C@H]3CC[C@@]21C
594,HMDB0001940,Nc1nc(N)c2nc(-c3ccccc3)c(N)nc2n1
595,HMDB0001941,CN(C)CCC(c1ccc(Br)cc1)c1ccccn1
596,HMDB0001942,C[C@@H](N)[C@@H](O)c1ccccc1
597,HMDB0001943,CN[C@@H](C)[C@@H](O)c1ccccc1
598,HMDB0001944,CN(C)CCC(c1ccc(Cl)cc1)c1ccccn1
599,HMDB0001955,CC(CC(=O)O)c1ccccc1
600,HMDB0003501,O=C(O)/C=C\c1ccc(O)c(O)c1
601,HMDB0001972,Nc1cccc(C(=O)O)c1O
602,HMDB0001973,Cn1c(=O)[nH]c2c(=O)[nH]c(=O)[nH]c21
603,HMDB0001975,CCC(O)(CC)C(=O)O
604,HMDB0001982,Cn1c(=O)[nH]c(=O)c2c1[nH]c(=O)n2C
605,HMDB0001987,CCC(C)(O)C(=O)O
606,HMDB0001991,Cn1cnc2[nH]c(=O)[nH]c(=O)c21
607,HMDB0002001,CC(C)(C(=O)O)C(=O)O
608,HMDB0002003,CCCCCCCCCCCCCCCCCCCCCCCC(=O)O
609,HMDB0002004,COc1ccc2[nH]cc(CCN(C)C)c2c1
610,HMDB0250776,CS(=O)CCC(N)C(=O)O
611,HMDB0002006,NC[C@H](N)C(=O)O
612,HMDB0002024,O=C(O)Cc1cnc[nH]1
613,HMDB0002026,Cn1c(=O)[nH]c2c([nH]c(=O)n2C)c1=O
614,HMDB0002039,O=C1CCCN1
615,HMDB0002040,COc1ccc(/C=C/C(=O)O)cc1
616,HMDB0002043,O=C(O)CCCCc1ccccc1
617,HMDB0002048,Cc1cccc(O)c1
618,HMDB0002055,Cc1ccccc1O
619,HMDB0002059,O=C(O)CCCCCCCCCCCO
620,HMDB0002064,CC(=O)NCCCCN
621,HMDB0002068,CCCCCCCC/C=C\CCCCCCCCCCCC(=O)O
622,HMDB0002072,COc1ccc(CC(=O)O)cc1
623,HMDB0002074,CC(C)(CC(=O)O)C(=O)O
624,HMDB0002085,COc1cc(C(=O)O)cc(OC)c1O
625,HMDB0002092,C=C(CC(=O)O)C(=O)O
626,HMDB0002096,O=C(O)CCCc1c[nH]c2ccccc12
627,HMDB0002097,CCc1ccc(C(=O)O)cc1
628,HMDB0002099,CNc1ncnc2nc[nH]c12
629,HMDB0002107,O=C(O)c1ccccc1C(=O)O
630,HMDB0302211,CSC[C@H](N)C(=O)O
631,HMDB0002123,Cn1c(=O)c2c([nH]c(=O)n2C)n(C)c1=O
632,HMDB0002128,Nc1cc(=O)nc(N)[nH]1
633,HMDB0002141,CNC(C)(C)C(=O)O
634,HMDB0002144,Cn1ccc(=O)n(C)c1=O
635,HMDB0002182,CNC[C@H](O)c1cccc(O)c1
636,HMDB0002199,O=C(O)CCc1ccc(O)cc1
637,HMDB0002205,N[C@@H](CCS(=O)(=O)O)C(=O)O
638,HMDB0002210,NC(C(=O)O)c1ccccc1
639,HMDB0002212,CCCCCCCCCCCCCCCCCCCC(=O)O
640,HMDB0002222,Cc1cccc(CC(=O)O)c1
641,HMDB0002229,O=C(O)CCOc1ccccc1
642,HMDB0002243,O=C(O)c1ccccn1
643,HMDB0002259,CCCCCCCCCCCCCCCCC(=O)O
644,HMDB0002322,NCCCCCN
645,HMDB0002327,O=C(O)CCCCCCCCCCCC(=O)O
646,HMDB0002339,COc1ccc2[nH]cc(C[C@H](N)C(=O)O)c2c1
647,HMDB0002345,CCCCCCCCCCCCCCCCCCCCC(=O)O
648,HMDB0002348,CCCCCCCCCCCCCCCCCCCCCCCCCCCC(=O)O
649,HMDB0002350,CCCCCCCCCCCCCCCCCCO
650,HMDB0002356,CCCCCCCCCCCCCCCCCCCCCCCCCC(=O)O
651,HMDB0002359,O=C(O)C#Cc1ccccc1
652,HMDB0002361,CCCCCCCCCCCCCCCCCCCCCCCCC(=O)O
653,HMDB0002362,NCCC(N)C(=O)O
654,HMDB0002364,CC1(C)CC[C@]2(C(=O)O)CC[C@]3(C)C(=CC[C@@H]4[C@@]5(C)CC[C@H](O)C(C)(C)[C@@H]5CC[C@]43C)[C@@H]2C1
655,HMDB0002368,CCCCCCCC/C=C\CCCCCCCCCCCCCC(=O)O
656,HMDB0002390,Cc1cccc(C(=O)O)c1O
657,HMDB0002391,C[C@@H]1[C@H]2C3=CC[C@@H]4[C@@]5(C)CC[C@H](O)C(C)(C)[C@@H]5CC[C@@]4(C)[C@]3(C)CC[C@@]2(CO)CC[C@H]1C
658,HMDB0002393,CN[C@H](CC(=O)O)C(=O)O
659,HMDB0002404,O=C(NC(O)C(=O)O)c1ccccc1
660,HMDB0002428,O=C(O)c1ccc(C(=O)O)cc1
661,HMDB0002434,Oc1ccc(O)cc1
662,HMDB0002455,C/C(=N\O)C(=O)O
663,HMDB0002467,O=C(O)CC/C(=N\O)C(=O)O
664,HMDB0002511,COc1cc(/C=C/C(=O)O)cc(OC)c1OC
665,HMDB0002545,O=C[C@H](O)[C@@H](O)[C@@H](O)[C@H](O)C(=O)O
666,HMDB0002643,O=C(O)CC(O)c1cccc(O)c1
667,HMDB0002649,OC1OC[C@@H](O)[C@H]1O
668,HMDB0002658,O=C(O)c1ccc(O)nc1
669,HMDB0002670,O=C1C[C@@H](c2ccc(O)cc2)Oc2cc(O)cc(O)c21
670,HMDB0002706,N=C(N)NOCC[C@H](N)C(=O)O
671,HMDB0002721,Cn1cnc2c(ncn2[C@@H]2O[C@H](CO)[C@@H](O)[C@H]2O)c1=O
672,HMDB0002755,O=c1c(O)c(-c2cc(O)c(O)c(O)c2)oc2cc(O)cc(O)c12
673,HMDB0002780,Oc1cc(O)c2c(c1)O[C@H](c1ccc(O)c(O)c1)[C@@H](O)C2
674,HMDB0002802,C[C@]12CC(=O)[C@H]3[C@@H](CCC4=CC(=O)CC[C@@]43C)[C@@H]1CC[C@]2(O)C(=O)CO
675,HMDB0002820,Cn1cnc(CC(=O)O)c1
676,HMDB0002825,Cn1cnc2c1c(O)nc(=O)n2C
677,HMDB0002835,C#C[C@]1(O)CC[C@H]2[C@@H]3CCC4=Cc5oncc5C[C@]4(C)[C@H]3CC[C@@]21C
678,HMDB0034224,CC(C)[C@@H](C)CC[C@@H](C)[C@H]1CC[C@H]2[C@@H]3CC=C4C[C@@H](O)CC[C@]4(C)[C@H]3CC[C@@]21C
679,HMDB0002873,COc1ccc([C@@H]2Sc3ccccc3N(CCN(C)C)C(=O)[C@@H]2O)cc1
680,HMDB0002899,O=c1oc2c(O)c(O)cc3c(=O)oc4c(O)c(O)cc1c4c23
681,HMDB0242149,OC[C@H](O)C(O)[C@H](O)CO
682,HMDB0002925,CCCCC/C=C\C/C=C\C/C=C\CCCCCCC(=O)O
683,HMDB0002927,C[C@@H]1O[C@@H](O[C@H]2[C@H](Oc3cc(O)c4c(c3)O[C@H](c3ccc(O)cc3)CC4=O)O[C@H](CO)[C@@H](O)[C@@H]2O)[C@H](O)[C@H](O)[C@H]1O
684,HMDB0002928,OC[C@H](O)[C@@H](O)[C@H](O[C@H]1O[C@H](CO)[C@@H](O)[C@H](O)[C@H]1O)[C@H](O)CO
685,HMDB0002931,CC(=O)N[C@@H](CO)C(=O)O
686,HMDB0002939,CC(=O)CC(C)C
687,HMDB0002991,NCCS
688,HMDB0002994,OC[C@H](O)[C@H](O)CO
689,HMDB0003012,Nc1ccccc1
690,HMDB0003033,C[C@]12CC[C@H]3[C@@H](C=CC4=CC(=O)CC[C@@]43C)[C@@H]1CC[C@@]21CCC(=O)O1
691,HMDB0003066,O=C(/C=C/c1ccccc1)c1ccccc1
692,HMDB0003070,O=C(O)C1=C[C@@H](O)[C@@H](O)[C@H](O)C1
693,HMDB0003075,O=c1cc(-c2ccccc2)oc2ccccc12
694,HMDB0003099,Cn1c(=O)[nH]c2[nH]c(=O)[nH]c2c1=O
695,HMDB0003119,OCc1ccccc1
696,HMDB0003134,N[C@@H](CCCCNC(=O)CCCC[C@@H]1SC[C@@H]2NC(=O)N[C@H]12)C(=O)O
697,HMDB0003152,CN=C(O)c1cccnc1
698,HMDB0003154,CC1=C(/C=C/C(C)=C/C=C/C(C)=C/C=C/C=C(C)/C=C/C=C(C)/C=C/C2=C(C)C(=O)CCC2(C)C)C(C)(C)CCC1=O
699,HMDB0003156,CC(O)C(C)O
700,HMDB0003157,N=C(N)N[C@@H](CC(=O)O)C(=O)O
701,HMDB0003164,O=C(/C=C/c1ccc(O)c(O)c1)O[C@@H]1C[C@](O)(C(=O)O)C[C@@H](O)[C@H]1O
702,HMDB0003217,O=c1c(-c2ccc(O)cc2)coc2cc(O)cc(O)c12
703,HMDB0254327,O=C(CO)C(O)C(O)C(O)C(O)CO
704,HMDB0240219,CCCCCC/C=C\CCCCCCCCCC(=O)O
705,HMDB0003243,CC(=O)C(C)O
706,HMDB0003249,C[C@@H]1O[C@@H](OC[C@H]2O[C@@H](Oc3c(-c4ccc(O)c(O)c4)oc4cc(O)cc(O)c4c3=O)[C@H](O)[C@@H](O)[C@@H]2O)[C@H](O)[C@H](O)[C@H]1O
707,HMDB0003254,C[C@@H](O[C@@H]1[C@H](O)[C@@H](CO)O[C@@H](O)[C@@H]1N)C(=O)O
708,HMDB0003265,COc1ccc([C@@H]2CC(=O)c3c(O)cc(OC4O[C@H](CO[C@H]5O[C@@H](C)[C@@H](O)[C@@H](O)[C@H]5O)[C@H](O)[C@H](O)[C@H]4O)cc3O2)cc1O
709,HMDB0003269,O=C(O)CNC(=O)c1cccnc1
710,HMDB0003290,O=C(O)[C@H](O)[C@H](O)[C@@H](O)[C@H](O)CO
711,HMDB0003306,O=C(CCc1ccc(O)cc1)c1c(O)cc(O)cc1O
712,HMDB0003312,O=c1c(-c2ccc(O)cc2)coc2cc(O)ccc12
713,HMDB0003315,O=C1CCCCC1
714,HMDB0003320,O=C(O)c1c[nH]c2ccccc12
715,HMDB0003331,Cn1cnc2c(ncn2[C@@H]2O[C@H](CO)[C@@H](O)[C@H]2O)c1=N
716,HMDB0003332,COc1cc(C(CO)OS(=O)(=O)O)ccc1O
717,HMDB0003345,OC[C@H]1O[C@H](O)[C@H](O)[C@@H](O)[C@@H]1O
718,HMDB0003349,O=C1C[C@@H](C(=O)O)NC(=O)N1
719,HMDB0003352,CC(C)[C@@H]1CC[C@@H](C)C[C@H]1O
720,HMDB0003355,NCCCCC(=O)O
721,HMDB0003361,c1cncnc1
722,HMDB0003364,O=C1C=CC(=O)C=C1
723,HMDB0003366,CCC=O
724,HMDB0004321,C=C(C)[C@@H]1CC=C(C)CC1
725,HMDB0003402,O=C(O)[C@H]1O[C@@H](O)[C@H](O)[C@@H](O)[C@H]1O
726,HMDB0003403,CO[C@H]1O[C@H](CO)[C@@H](O[C@H]2O[C@H](CO)[C@@H](OC)[C@H](O)[C@H]2O)[C@H](O)[C@H]1O
727,HMDB0003404,COC(=O)N[C@H]1[C@H](O[C@@H]2[C@@H](CO)O[C@@H](O[C@@H]3[C@@H](CO)O[C@@H](O)[C@H](N)[C@H]3O)[C@H](N)[C@H]2O)O[C@H](CO)[C@@H](O[C@@H]2O[C@H](CO)[C@@H](O[C@@H]3O[C@H](CO)[C@@H](O[C@@H]4O[C@H](CO)[C@@H](O[C@@H]5O[C@H](CO)[C@@H](O[C@@H]6O[C@H](CO)[C@@H](O[C@@H]7O[C@H](CO)[C@@H](O)[C@H](O)[C@H]7N)[C@H](O)[C@H]6N)[C@H](O)[C@H]5N)[C@H](O)[C@H]4N)[C@H](O)[C@H]3N)[C@H](O)[C@H]2N)[C@@H]1O
728,HMDB0003405,NCCCC[C@@H](N)C(=O)O
729,HMDB0003406,N[C@H](CO)C(=O)O
730,HMDB0003409,COc1ccc2cc3[n+](cc2c1OC)CCc1cc2c(cc1-3)OCO2
731,HMDB0003416,N=C(N)NCCC[C@@H](N)C(=O)O
732,HMDB0003417,N[C@H](CS)C(=O)O
733,HMDB0003423,NC(=O)CC[C@@H](N)C(=O)O
734,HMDB0003424,CCCCCCCCCCCCCCCCO
735,HMDB0003431,N[C@H](CO)Cc1c[nH]cn1
736,HMDB0003441,O=C/C=C/c1ccccc1
737,HMDB0003447,OCCc1c[nH]c2ccccc12
738,HMDB0003464,N=C(N)NCCCC(=O)O
739,HMDB0003474,N[C@@H](Cc1cc(I)c(O)c(I)c1)C(=O)O
740,HMDB0003543,CCCC=O
741,HMDB0003546,OCc1ccccc1O[C@@H]1O[C@H](CO)[C@@H](O)[C@H](O)[C@H]1O
742,HMDB0003553,OC[C@H]1O[C@@](CO)(O[C@H]2O[C@H](CO[C@H]3O[C@H](CO[C@H]4O[C@H](CO)[C@H](O)[C@H](O)[C@H]4O)[C@H](O)[C@H](O)[C@H]3O)[C@@H](O)[C@H](O)[C@H]2O)[C@@H](O)[C@@H]1O
743,HMDB0243522,CN1C2CC(OC(=O)C(CO)c3ccccc3)CC1C1OC12
744,HMDB0003634,C=C(C)C1CC=C(CO)CC1
745,HMDB0003640,CC(C)[C@@H](N)CC(=O)O
746,HMDB0003646,CN1CC(=O)NC1=O
747,HMDB0003671,CCCCCC(C)=O
748,HMDB0003828,CC(C)(CO)[C@@H](O)C(=O)NCCC(=O)NCCSSCCNC(=O)CCNC(=O)[C@H](O)C(C)(C)CO
749,HMDB0003843,CCC1CCC(=O)O1
750,HMDB0003911,CC(CN)C(=O)O
751,HMDB0004041,C[C@H](O)[C@H](N)C(=O)O
752,HMDB0004043,CC1=CC[C@H](C(C)(C)O)CC1
753,HMDB0004094,Oc1c[nH]c2ccccc12
754,HMDB0004095,COc1ccc2[nH]cc(CCN)c2c1
755,HMDB0004110,O=C(O)CP(=O)(O)O
756,HMDB0004122,NC(C[Se][Se]CC(N)C(=O)O)C(=O)O
757,HMDB0004136,OC[C@@H](O)[C@H](O)CO
758,HMDB0004230,O=C(O)c1ccc[nH]1
759,HMDB0004296,C=CC(N)=O
760,HMDB0003375,C=C(C)[C@H]1CC=C(C)CC1
761,HMDB0004327,CCCCO
762,HMDB0004350,c1cncc(C2CCCCN2)c1
763,HMDB0004437,OCCNCCO
764,HMDB0004476,C1=CC[C@@H](c2cccnc2)NC1
765,HMDB0004487,C=C(C)[C@H]1CC=C(C)C(=O)C1
766,HMDB0004586,C=C(C)C1CC=C(C(=O)O)CC1
767,HMDB0004811,Oc1ccc(Cl)cc1Cl
768,HMDB0004812,O=C(O)c1ccc(C(=O)O)o1
769,HMDB0004814,CCCC(=O)CCC
770,HMDB0004815,Cc1cc(C(=O)O)ccc1O
771,HMDB0004816,Nc1ncnc(N)c1NC=O
772,HMDB0004982,O=C(O)CC/C=C\CCC(=O)O
773,HMDB0004983,CS(C)(=O)=O
774,HMDB0004987,NCCCC[C@H](NC(=O)[C@@H](N)CC(=O)O)C(=O)O
775,HMDB0004992,CCOC(=O)c1ccc(N)cc1
776,HMDB0004998,COc1ccccc1OCC(O)CO
777,HMDB0004999,CN(C)C(=O)C(CCN1CCC(O)(c2ccc(Cl)cc2)CC1)(c1ccccc1)c1ccccc1
778,HMDB0005000,CCOC(=O)N1CCC(=C2c3ccc(Cl)cc3CCc3cccnc32)CC1
779,HMDB0005005,Cc1cccc(N(C)C(=S)Oc2ccc3ccccc3c2)c1
780,HMDB0005008,Cc1c(OCC(F)(F)F)ccnc1CS(=O)c1nc2ccccc2[nH]1
781,HMDB0005015,NCC1(CC(=O)O)CCCCC1
782,HMDB0005016,COc1ccc(C(CN(C)C)C2(O)CCCCC2)cc1
783,HMDB0005018,CCOC(=O)C1=C(COCCN)NC(C)=C(C(=O)OC)C1c1ccccc1Cl
784,HMDB0005035,Cc1nccn1CC1CCc2c(c3ccccc3n2C)C1=O
785,HMDB0005038,CN(C)CCCC1(c2ccc(F)cc2)OCc2cc(C#N)ccc21
786,HMDB0005356,CCCCCCCCCCCCCCCC(=O)OCC(COC(=O)CCCCCCCCCCCCCCC)OC(=O)CCCCCCCCCCCCCCC
787,HMDB0005785,OCc1c[nH]c2ccccc12
788,HMDB0005792,CS(=O)CCCCN=C=S
789,HMDB0005794,O=c1c(O)c(-c2ccc(O)c(O)c2)oc2cc(O)cc(O)c12
790,HMDB0005800,O=c1cc(-c2ccc(O)c(O)c2)oc2cc(O)cc(O)c12
791,HMDB0005801,O=c1c(O)c(-c2ccc(O)cc2)oc2cc(O)cc(O)c12
792,HMDB0005807,O=C(O)c1cc(O)c(O)c(O)c1
793,HMDB0005842,CCCCC(C)=O
794,HMDB0005846,CCC(=O)C(C)C
795,HMDB0005994,CCCCCC=O
796,HMDB0006024,C[C@]1(O)CCOC(=O)C1
797,HMDB0006050,NC(Cc1ccccc1O)C(=O)O
798,HMDB0006115,O=Cc1ccccc1
799,HMDB0006219,CC1=C(/C=C/C(C)=C/C=C/C(C)=C\C(=O)O)C(C)(C)CCC1
800,HMDB0006331,O=C(O)/C=C\C=C/C(=O)O
801,HMDB0006355,O=C1O[C@@H]2[C@@H](O)[C@H](O)O[C@@H]2[C@H]1O
802,HMDB0006478,CC(C)CC=O
803,HMDB0006483,N[C@H](CC(=O)O)C(=O)O
804,HMDB0011599,Cn1cnc2ncnc-2c1N
805,HMDB0011600,Cn1cnc(N)c2ncnc1-2
806,HMDB0011603,CN(CCCC(=O)c1cccnc1)N=O
807,HMDB0011614,Cn1cnc2ncnc(N)c21
808,HMDB0011619,CCCCCCCCCCCCCCCCCCCCO
809,HMDB0011623,CCCCCCCCCC=O
810,HMDB0011628,CC1(C)C2CC[C@]3(C)C(C(=O)C=C4C5C[C@@](C)(C(=O)O)CC[C@]5(C)CC[C@]43C)[C@@]2(C)CC[C@@H]1O
811,HMDB0011632,OC[C@H](O)[C@@H](O)[C@H](O)[C@@H](O)CO
812,HMDB0011634,NCCCNCCCN
813,HMDB0011653,C[C@H](O)[C@@]1(O)CC[C@H]2[C@@H]3CCC4=CC(=O)CC[C@]4(C)[C@H]3CC[C@@]21C
814,HMDB0011723,Cc1ccccc1C(=O)NCC(=O)O
815,HMDB0011733,NCC(=O)NCC(=O)O
816,HMDB0011749,O=C1CCCCN1
817,HMDB0011751,COc1cccc(CCC(=O)O)c1
818,HMDB0012127,O=C(O)C[C@H](Cc1ccccc1)C(=O)O
819,HMDB0000446,CC(=O)N[C@@H](CCCCN)C(=O)O
820,HMDB0000721,NCC(=O)N1CCC[C@H]1C(=O)O
821,HMDB0001138,CC(=O)N[C@@H](CCC(=O)O)C(=O)O
822,HMDB0001487,NC(=O)C1=CN([C@@H]2O[C@H](COP(=O)(O)OP(=O)(O)OC[C@H]3O[C@@H](n4cnc5c(N)ncnc54)[C@H](O)[C@@H]3O)[C@@H](O)[C@H]2O)C=CC1
823,HMDB0001920,COc1ccc2c(c1)[C@@]13CCCC[C@H]1[C@@H](C2)N(C)CC3
824,HMDB0000201,CC(=O)O[C@H](CC(=O)[O-])C[N+](C)(C)C
825,HMDB0000488,C=CC1=C(C)/C(=C\c2[nH]c(Cc3[nH]c(/C=C4\NC(=O)C(C)=C4C=C)c(C)c3CCC(=O)O)c(CCC(=O)O)c2C)NC1=O
826,HMDB0000568,OC[C@@H](O)C(O)[C@H](O)CO
827,HMDB0000736,CC(C)C(=O)O[C@H](CC(=O)[O-])C[N+](C)(C)C
828,HMDB0000740,OC[C@H]1O[C@](O)(CO)[C@@H](O)[C@@H]1O[C@@H]1O[C@H](CO)[C@H](O)[C@H](O)[C@H]1O
829,HMDB0000761,C[C@H](CCC(=O)O)[C@H]1CC[C@H]2[C@@H]3CC[C@@H]4C[C@H](O)CC[C@]4(C)[C@H]3CC[C@@]21C
830,HMDB0000848,CCCCCCCCCCCCCCCCCC(=O)O[C@H](CC(=O)[O-])C[N+](C)(C)C
831,HMDB0001423,CC(C)(COP(=O)(O)OP(=O)(O)OC[C@H]1O[C@@H](n2cnc3c(N)ncnc32)[C@H](O)[C@@H]1OP(=O)(O)O)[C@@H](O)C(=O)NCCC(=O)NCCS
832,HMDB0001514,N[C@H]1C(O)O[C@H](CO)[C@@H](O)[C@@H]1O
833,HMDB0001846,Nc1nc(=O)c2c([nH]1)NC[C@H](CNc1ccc(C(=O)NC(CCC(=O)O)C(=O)O)cc1)N2
834,HMDB0003231,CCCCCC/C=C/CCCCCCCCCC(=O)O
835,HMDB0006221,CC1=C(/C=C/C(C)=C/C=C/C(C)=C\CO)C(C)(C)CCC1
836,HMDB0000693,CO[C@@H]1O[C@@H](COS(=O)(=O)O)[C@H](O[C@@H]2O[C@H](C(=O)O)[C@H](OC)[C@@H](O)[C@@H]2OS(=O)(=O)O)[C@@H](O)[C@@H]1NOS(=O)(=O)O
837,HMDB0006216,CC1=C(/C=C/C(C)=C/C=C\C(C)=C\CO)C(C)(C)CCC1
838,HMDB0001852,CC1=C(/C=C/C(C)=C/C=C/C(C)=C/C(=O)O)C(C)(C)CCC1
839,HMDB0001935,CC(=O)CC(c1ccccc1)c1c(O)c2ccccc2oc1=O
840,HMDB0003573,CN1[C@H]2C[C@H](OC(=O)[C@H](CO)c3ccccc3)C[C@@H]1[C@H]1O[C@@H]21
841,HMDB0015122,Nc1ccn([C@@H]2O[C@H](CO)[C@@H](O)[C@@H]2O)c(=O)n1
842,HMDB0001937,CC(C)(C)NCC(O)c1ccc(O)c(CO)c1
843,HMDB0000946,C[C@H](CCC(=O)O)[C@H]1CC[C@H]2[C@@H]3[C@@H](O)C[C@@H]4C[C@H](O)CC[C@]4(C)[C@H]3CC[C@@]21C
844,HMDB0001394,O=C(O)[C@@H]1O[C@@H](O[C@@H]2[C@@H](COS(=O)(=O)O)O[C@H](O)[C@H](NS(=O)(=O)O)[C@H]2O)[C@H](OS(=O)(=O)O)[C@@H](O)[C@@H]1O
845,HMDB0000077,C[C@]12CC[C@H]3[C@@H](CC=C4C[C@@H](O)CC[C@@]43C)[C@@H]1CCC2=O
846,HMDB0000210,CC(C)(CO)[C@@H](O)C(=O)NCCC(=O)O
847,HMDB0000036,C[C@H](CCC(=O)NCCS(=O)(=O)O)[C@H]1CC[C@H]2[C@H]3[C@H](C[C@H](O)[C@@]21C)[C@@]1(C)CC[C@@H](O)C[C@H]1C[C@H]3O
848,HMDB0014352,CC[C@H]1OC(=O)[C@H](C)[C@@H](O[C@H]2C[C@@](C)(OC)[C@@H](O)[C@H](C)O2)[C@H](C)[C@@H](O[C@@H]2O[C@H](C)C[C@H](N(C)C)[C@H]2O)[C@](C)(O)C[C@@H](C)CN(C)[C@H](C)[C@@H](O)[C@]1(C)O
849,HMDB0000876,C=C1CC[C@H](O)C/C1=C/C=C1\CCC[C@@]2(C)[C@H]1CC[C@@H]2[C@H](C)CCCC(C)C
850,HMDB0002308,CC1=C2[N+]3=C(C=C4[N+]5=C(C(C)=C6N7[C@@H]8[C@H](CC(N)=O)[C@@]6(C)CCC(=O)NC[C@@H](C)OP(=O)([O-])O[C@@H]6[C@@H](CO)O[C@@H]([C@@H]6O)n6c[n+](c9cc(C)c(C)cc96)[Co-3]753(O)[N+]3=C1[C@@H](CCC(N)=O)[C@](C)(CC(N)=O)[C@]83C)[C@@H](CCC(N)=O)C4(C)C)[C@@H](CCC(N)=O)[C@]2(C)CC(N)=O
851,HMDB0000138,C[C@H](CCC(O)=NCC(=O)O)[C@H]1CC[C@H]2[C@H]3[C@H](C[C@H](O)[C@@]21C)[C@@]1(C)CC[C@@H](O)C[C@H]1C[C@H]3O
852,HMDB0000742,N[C@@H](CCS)C(=O)O
853,HMDB0002005,CS(=O)CC[C@H](N)C(=O)O
854,HMDB0000286,O=c1ccn([C@@H]2O[C@H](COP(=O)(O)OP(=O)(O)O[C@H]3O[C@H](CO)[C@@H](O)[C@H](O)[C@H]3O)[C@@H](O)[C@H]2O)c(=O)[nH]1
855,HMDB0003418,OC[C@@]1(O)OC[C@@H](O)[C@H](O)[C@@H]1O
856,HMDB0002923,OC[C@H]1O[C@H](OC[C@H]2O[C@@H](O)[C@H](O)[C@@H](O)[C@@H]2O)[C@H](O)[C@@H](O)[C@@H]1O
857,HMDB0000048,OC[C@H]1O[C@H](OC[C@H]2O[C@H](O)[C@H](O)[C@@H](O)[C@@H]2O)[C@H](O)[C@@H](O)[C@H]1O
858,HMDB0000387,CCCCCCCCC[C@H](O)CC(=O)O
859,HMDB0000256,CC(C)=CCC/C(C)=C/CC/C(C)=C/CC/C=C(\C)CC/C=C(\C)CCC=C(C)C
860,HMDB0001067,CC(=O)N[C@@H](CC(=O)O)C(=O)N[C@@H](CCC(=O)O)C(=O)O
861,HMDB0011745,CSCC[C@H](NC(C)=O)C(=O)O
862,HMDB0000902,NC(=O)c1ccc[n+]([C@@H]2O[C@H](COP(=O)([O-])OP(=O)(O)OC[C@H]3O[C@@H](n4cnc5c(N)ncnc54)[C@H](O)[C@@H]3O)[C@@H](O)[C@H]2O)c1
863,HMDB0000217,NC(=O)c1ccc[n+]([C@@H]2O[C@H](COP(=O)([O-])OP(=O)(O)OC[C@H]3O[C@@H](n4cnc5c(N)ncnc54)[C@H](OP(=O)(O)O)[C@@H]3O)[C@@H](O)[C@H]2O)c1
864,HMDB0000252,CCCCCCCCCCCCC/C=C/[C@@H](O)[C@@H](N)CO
865,HMDB0001348,CCCCCCCCCCCCC/C=C/[C@@H](O)[C@H](COP(=O)([O-])OCC[N+](C)(C)C)NC(=O)CCCCCCCCCCCCCCCCC
866,HMDB0000943,O=C(O)[C@H](O)[C@@H](O)CO
867,HMDB0000350,O=C(O)CCCCCC[C@@H](O)CC(=O)O
868,HMDB0000008,CC[C@H](O)C(=O)O
869,HMDB0000037,C[C@]12CCC(=O)C=C1CC[C@@H]1[C@@H]2[C@@H](O)C[C@]2(C=O)[C@@H](C(=O)CO)CC[C@@H]12
870,HMDB0000038,C[C@H](O)[C@H](O)C1=Nc2c([nH]c(N)nc2=O)NC1
871,HMDB0000671,O=C(O)[C@@H](O)Cc1c[nH]c2ccccc12
872,HMDB0002917,OC[C@H](O)[C@@H](O)[C@H](O)CO
873,HMDB0003072,O=C(O)[C@]1(O)C[C@@H](O)[C@@H](O)[C@H](O)C1
874,HMDB0001548,O=P(O)(O)OC[C@H]1O[C@H](O)[C@H](O)[C@@H]1O
875,HMDB0003966,C[Se]CC[C@H](N)C(=O)O
876,HMDB0004472,CC1(C)O[C@]2(C)CC[C@H]1CC2
877,HMDB0001844,C[C@@H](CC(=O)O)C(=O)O
878,HMDB0000122,OC[C@H]1O[C@@H](O)[C@H](O)[C@@H](O)[C@@H]1O
879,HMDB0000169,OC[C@H]1O[C@H](O)[C@@H](O)[C@@H](O)[C@@H]1O
880,HMDB0001881,C[C@@H](O)CO
881,HMDB0001586,O=P(O)(O)O[C@H]1O[C@H](CO)[C@@H](O)[C@H](O)[C@H]1O
882,HMDB0000227,C[C@@](O)(CCO)CC(=O)O
883,HMDB0000536,O=C(O)C[C@H](Nc1ncnc2c1ncn2[C@@H]1O[C@H](COP(=O)(O)O)[C@@H](O)[C@H]1O)C(=O)O
884,HMDB0000079,C[C@H]1CNC(=O)NC1=O
885,HMDB0001264,O=C1O[C@H]([C@@H](O)CO)C(=O)C1=O
886,HMDB0000646,O[C@H]1CO[C@H](O)[C@H](O)[C@H]1O
887,HMDB0000043,C[N+](C)(C)CC(=O)O
888,HMDB0000491,CC[C@H](C)C(=O)C(=O)O
889,HMDB0000174,C[C@@H]1O[C@@H](O)[C@@H](O)[C@H](O)[C@@H]1O
890,HMDB0001413,C[N+](C)(C)CCOP(=O)(O)OP(=O)(O)OC[C@H]1O[C@@H](n2ccc(N)nc2=O)[C@H](O)[C@@H]1O
891,HMDB0000651,CCCCCCCCCC(=O)O[C@H](CC(=O)[O-])C[N+](C)(C)C
892,HMDB0000641,NC(=O)CC[C@H](N)C(=O)O
